Updated,Outlet,Outlet Format,Type of Media,Languages Served 1,Geographic Focus,Communities Served,Outlet Website,Editorial Director Name,Editorial Director Email,Marketing Director Name,Marketing Director Email,Outlet Email,Outlet Phone
,5 Towns Jewish Times,Newspaper,Print and Digital,English,Regional – Metro Area,Jewish,5tjt.com,Larry Gordon,editor@5tjt.com,Debbie Rubin,ads@5tjt.com,editor@5tjt.com,516-984-0079
,Africa in Harlem,Newspaper,Digital,English,Regional – Metro Area,"African-American, African",https://africainharlem.nyc/en/,Isseu Diouf Campbell,isseu@afrikanspot.com,,,isseu@afrikanspot.com,917-204-1582
,African Abroad,Newspaper,Digital,English,Queens,African,,Alex Babba,apoye2424@gmail.com,,,,
21-Apr,African Voices,Magazine,Print and Digital,English,New York City,African,https://africanvoices.com/,,,,,info@africanvoices.com,212-865-2982
21-Apr,Afro Times,Newspaper,Print,English,New York City,African American,,Gareth Brown,gareth1976@gmail.com,,,,
,Ah Blick,Magazine,Digital,"Hebrew, English",National,Jewish,theahblick.com,Mendy Rubin,mrubin@ahblick.org,,,,
,Akhon Samoy,Newspaper,Digital,Thai,International,Thai,akhonsamoy.com,Shamsul Kazi,news@akhonsamoy.com,,,news@akhonsamoy.com,718-565-9099
21-Aug,AKTINA FM Radio,Radio,Broadcast,"Greek, English",Regional,Greek,https://aktinafm.com/,Elena Maroulleti,Aktina@earthlink.net,Elena Maroulleti,Aktina@earthlink.net,aktina@aktina.org,718-545-1151
21-Aug,AKTINA TV,Television,Broadcast,"Greek, English",International,Greek,https://aktinatv.com/,Tom Stouras,Aktina@earthlink.net,Elena Maroulleti,Aktina@earthlink.net,aktina@aktina.org,718-545-1151
,Allewaa Al-Arabi,Newspaper,Print,Arabic,New York City,Arab,allewaaalarabi.com,Angie Damlaki,angie_damlakhi@yahoo.com,Atef Elbeialy Mekawy,atef_elbeialy@yahoo.com,,646-707-2012
21-Nov,Amerikai Nepszava,Newspaper,Print and Digital,Hungarian,,Hungarian,https://www.nepszava.com/about-us.html,,,,,https://www.nepszava.com/contact-us.html,
,AMI Magazine,Magazine,Print and Digital,English,New York City,Jewish,amimagazine.org,Rabbi Yitzchok Frankfurter,editorial@amimagazine.org,Rabbi Yitzchok Frankfurter,ads@amimagazine.org,,718-534-8800
21-Apr,Apna Punjab,Newspaper,Print and Digital,"Punjabi, English",National,Punjabi,http://apnapunjabmedia.com,Gurmit Singh,"gurmitsinghny@gmail.com, apnapunjabnewsroom@gmail.com",,,apnapunjabnewsroom@gmail.com,631-835-8000
,Arab Astoria,Newspaper,Print,Arabic,Queens,Arab,,Nasr Hussain,arabastoria@yahoo.com,Azza Gouda,arabastoria@yahoo.com,arabastoria@yahoo.com,646-775-1531
,Aramica Newspaper,Newspaper,Print and Digital,"Arabic, English",New York City,Arab,,,aramica@aramica.com,,,,718-921-4788
21-Aug,ARY News,Television,Broadcast,"Urdu, English",,Pakistani,https://arydigital.tv,,,,,,
21-Aug,Asia Tribune TV,Television,Broadcast,Urdu,National,South Asian,http://asiantribune.com/,,,,,,
,Astoria Post,Newspaper,Print and Digital,English,Queens,Queens,astoriapost.com,,,,,,
21-Aug,ATN Bangla TV,Television,Broadcast,Bengali,,Bangladeshi,www.atnnewstv.com/?app=home,,,,,,
,Ayllu Times,Newspaper,Print,Spanish,New York City,"Latinx, Peruvian",,Eric Montoya,ayllutimes@hotmail.com,,,ayllutimes@hotmail.com,347-239-3152
21-Aug,Balitang America (ABS-CBN News/ABS-CBN International),Television,Broadcast,English,International,Filipino,https://www.balitangamerica.tv/,,,,,,
,Bangla Patrika,Newspaper,Print,Bengali,National,Bangladeshi,https://www.banglapatrikausa.com/,Abu Taher,abutaher@gmail.com,Rumana Rahman,banglapatrikausa@gmail.com,banglapatrikausa@gmail.com,718-482-9923
21-Apr,Bangla Times,Newspaper,Print and Digital,Bengali,New York City,Bangladeshi,http://banglatimes.com/,,drcshasan@gmail.com,,,,
21-Apr,Bangladesh Pratidin,Newspaper,Print and Digital,"Bengali, English",National,Bangladeshi,http://bd-pratidin.com/northamerica/,Naem Nizam,bdpratidinny@gmail.com,,,lovlu.ansar@gmail.com,718-433-9096
,Bay News,Newspaper,Print and Digital,English,Brooklyn,Brooklyn,,,,,,,
,Bayside Times,Newspaper,Print and Digital,English,Queens,Queens,,,,,,,
,Bi Daily Sun New York,Newspaper,Print and Digital,English,Regional – Metro Area,Chinese,dailysunny.com,Chie Tome,tome@dailysunny.com,Yuka Takeuchi,takeuchi@dailysunny.com,tome@dailysunny.com,212-922-9201
,Binah Magazine,Magazine,Print,English,National,"Jewish, Female Identifying",binahmagazine.com,Rachel Roth,rroth@binahmagazine.com,,sales@binahmagazine.com,,"718-305-5200; 
877-BINAH-80"
,Bk Reader,Newspaper,Digital,English,Brooklyn,Brooklyn,https://www.bkreader.com/,C. Zawadi Morris,czm@bkreader.com,C. Zawadi Morris,,,
,Bklyner,Newspaper,Print and Digital,English,Brooklyn,Brooklyn,http://bklyner.com,Liena  Zagare,liena@bklyner.com,Dina  Rabiner,Dina@bklyner.com,liena@bklyner.com,917-496-5888
,Black Enterprise Magazine,Magazine,Digital,English,International,African-American,https://www.blackenterprise.com/,Kyle V. Allman,Allmank@blackenterprise.com,,,,
,Boro Park 24,Newspaper,Digital,English,Brooklyn,Brooklyn,https://boropark24.com/,Yossi | Dee Voch,ads@jdnmail.com,,,,
21-Apr,Bowery Boogie,Newspaper,Digital,English,Manhattan,Lower East Side (Manhattan),https://www.boweryboogie.com/,Elie Perler,tipline@boweryboogie.com,,tipline@boweryboogie.com,BoweryBoogie@gmail.com,
,Brazilian Voice,Newspaper,Print and Digital,Portuguese,Regional – Metro Area,Brazilian,brazilianvoice.com,Roberto Lima,roberto@brazilianvoice.com,Fabianne Lima,fabianne@brazilianvoice.com,news@brazilianvoice.com,973-491-6200
21-Aug,BRIC TV,Television,Broadcast,"English, Akan, Albanian, Arabic, Chinese, French, Haitian Creole, Hebrew, Italian, Japanese, Portuguese, Romanian, Russian, Spanish, Yiddish, Yoruba",Brooklyn,Brooklyn,bricartsmedia.org,Jonathan Leif,JLief@bricartsmedia.org,James Michael Nichols,jmnichols@bricartsmedia.org,bric@BRICartsmedia.org,718-683-5600
,Broadsheet,Newspaper,Print,English,Manhattan,Manhattan,ebroadsheet.com,Matthew Fenton,editor@ebroadsheet.com,"Robert Simko, Kris Frederick",Robert@eBroadsheet.com,,212-912-1106
,Bronx Chronicle,Newspaper,Print and Digital,English,Bronx,Bronx,thebronxchronicle.com/,"Sal J. Conforto;
Michael Benjamin (Managing Editor)",sal@thebronxchronicle.com mbenjamin@thebronxchronicle.com,"Omesh Persaud;
Sal J. C",sales@thebronxchronicle.com,,347-224-7635
,Bronx Voice,Newspaper,Print and Digital,English,Bronx,Bronx,bronxvoice.com,Daniel Gesslein,voicebronx@gmail.com,Daniel Gesslein,bxadsvoice@gmail.com,,646-671-0602
21-Aug,BronxNet,Television,Broadcast,English,New York City,,https://www.bronxnet.org/,,,,,viewerquestions@bronxnet.org,
21-Apr,Brooklyn Deep,Newspaper,Digital,English,Brooklyn,Central Brooklyn,http://brooklyndeep.org/,,bkd@brooklyndeep.org,,,bkd@brooklyndeep.org,
,Brooklyn Downtown Star,Newspaper,Digital,English,Brooklyn,Brooklyn,http://www.brooklyndowntownstar.com/,Tammy,ads@queensledger.com,,,,
,Brooklyn Eagle,Newspaper,Print and Digital,English,Brooklyn,Brooklyn,brooklyneagle.com,Dozier Hasty - Mary Frost,mary@brooklyneagle.com,Katrina Ramus,kat@brooklyneagle.com,,718-422-7421
,Brooklyn Northside News,Newspaper,Print and Digital,English,Brooklyn,Brooklyn,https://northbrooklynnews.com/,,,,,,
,Brooklyn Paper,Newspaper,Digital,English,Brooklyn,Brooklyn,brooklynpaper.com,Colin Mixson,BPNewsroom@SchnepsMedia.com,Ralph D’Onofrio,Ads@SchnepsMedia.com,,718-260-2510
,Brownstoner Media,Other Website,Print and Digital,English,Brooklyn,Brooklyn,https://www.brownstoner.com/,,,,,,
,Bushwick Daily Online,Newspaper,Digital,English,Brooklyn,Brooklyn,Bushwickdaily.com,Irina Groushevaia,"irina@bushwickdaily.com; 
bushwickdaily@gmail.com",Alec Meeker,alec@bushwickdaily.com,,814-464-3709
,Business Equality Magazine,Magazine,Print and Digital,English,National,LGBTQ+,https://businessequalitymagazine.com/,,,,,,
,Canarsie Courier,Newspaper,Print,English,Brooklyn,Brooklyn,canarsiecourier.com,Charles Rogers,canarsiec@aol.com,Catherine Rosa,kate195@aol.com,canarsiec@aol.com,718-257-0600
,Caribbean American Weekly,Newspaper,Print and Digital,English,Regional – Metro Area,Caribbean,caribbeanamericanweekly.com,Pearl Phillip,cariaweekly@aol.com,Pearl Phillip,cariaweekly@aol.com,cariaweekly@aol.com,718-771-0988
,Caribbean Life News,Newspaper,Print and Digital,English,Regional – Metro Area,Caribbean,caribbeanlifenews.com,Kevin Williams,mwilliams@schnepsmedia.com,Ralph D'Onofrio,Ronofrio@schnepsmedia.com,,718-260-2510
21-Aug,Caribbean Media Zone,Television,Broadcast,,,Caribbean,,,,,,,
21-Nov,Caribbean People Newspaper,Newspaper,Digital,English,,Caribbean,http://cpnews1.com/,,,,,gmediamarketing@yahoo.com,347-221-0607
21-Aug,Caribbean Spotlight,Television,Broadcast,English,New York City,Caribbean,,,,,,,
,Caribbean Times,Newspaper,Digital,English,New York City,Caribbean,caribbeantimesnyc.com/contact,Michael Derek Roberts,production@caribbeantimesnews.com,Mike Babwar,mike@caribbeantimesnews.com,,718-909-1841
,Catholic New York,Newspaper,Print and Digital,English,Brooklyn,Catholic,www.cny.org,John Woods,"cny@cny.org, jwoods@cny.org",Patricia Scanlon,pscanlon@cny.org,,212-688-2399 ext. 3144
21-Apr,Chalkbeat,Newspaper,Digital,English,National,-,https://ny.chalkbeat.org/,Amy Zimmer,azimmer@chalkbeat.org,Sky Barsch,sbarsch@chalkbeat.org,contact@chalkbeat.org,
21-Aug,Chardikala Time TV,Television,Broadcast,Punjabi,National,Indian,https://timetv.news/,,,,,,+91 98155 02311
21-Apr,Chelsea Community News,Newspaper,Digital,English,Manhattan,Chelsea (Manhattan),http://ChelseaCommunityNews.com,Scott Stiffler,scottsaysgo@gmail.com,,,scottsaysgo@gmail.com,917-279-3386
,Chelsea News,Newspaper,Print and Digital,English,Manhattan,Manhattan,http://www.chelseanewsny.com/,,,Sheila Voelker,,,845-469-9000
,China Press,Newspaper,Digital,Chinese,International,Chinese,ny.uschinapress.com,I-Der Jeng,"news@chinapress.net;
info@chinapress.net",Sam Guo,sguo@chinapress.net,,212-683-8282
21-Apr,City & State,Newspaper,Print and Digital,English,New York City,-,http://cityandstateny.com,Jon Lentz,jlentz@cityandstateny.com,Jim Katocin,jkatocin@cityandstateny.com,editor@cityandstateny.com,212-268-0442
,City Limits,Magazine,Digital,"Spanish, English",New York City,-,citylimits.org,Jarrett Murphy,jarrett@citylimits.org,,,editor@citylimits.org,646.693.4459
21-Apr,City Voices,Newspaper,Digital,English,New York City,Mental Health,https://www.cityvoicesonline.org/,,CityVoices1995@gmail.com,,CityVoices1995@gmail.com,CityVoices1995@gmail.com,
,Col Live,Newspaper,Digital,"Hebrew, English",New York City,Jewish,http://www.collive.com/,Yudi Ceitlin,editor@collive.com,Yosef Soffer,Ads@COLlive.com,,212-599-4333
21-Apr,Colorlines,Newspaper,Digital,English,National,-,http://colorlines.com,,,,,info@colorlines.com,
21-Aug,Colors TV - Aapka Colors,Television,Broadcast,Hindi,,Indian,http://www.aapkacolors.com/,,,,,,
21-Aug,Colors TV - Bangla,Television,Broadcast,Bengali,,Indian,https://www.colorsbangla.com/,,,,,,
,Community News Group,Newspaper,Print and Digital,English,New York City,Caribbean,cnglocal.com,Robert Pozarycki,rpozarycki@schnepsmedia.com,Brian Rice,brice@schnepsmedia.com,,718-224-5863
,Co-op City Times,Newspaper,Digital,English,Bronx,Bronx,,Rozaan Boone,cctimes@riverbaycorp.com,Jennifer Flynn,cctimes@riverbaycorp.com,cctimes@riverbaycorp.com,718-320-3300
21-Aug,COSMOS FM,Radio,Broadcast,"Greek, English",Regional,Greek,http://www.cosmosfm.org/,,,,,cosmosfm@gaepis.org,718-204-8900
21-Nov,Country Yossi,Magazine,Digital,English,,Jewish,http://countryyossi.com/STAGE1/main.php,,,,,info@countryyossi.com,(718) 851-2010
,Courier Sun,Newspaper,Print and Digital,English,Queens,Queens,qns.com,,,,,,
,Crown Heights,Newspaper,Digital,English,Brooklyn,Jewish,crownheights.info,Ben Adelman,news@crownheights.info,Ben Adelman,sales@crownheights.info,,718-285-8000
21-Aug,Davidzon Media - Radio,Radio,Broadcast,Russian,Regional,,http://www.davidzonradio.com/,,,,,info@DavidzonRadio.com,718-303-8000
,Dee Voch,Magazine,Print and Digital,"Hebrew, English",New York City,Jewish,,,,,,,
,Dejando Huellas,Magazine,Print,Spanish,New York City,Latinx,,,,Carlos Varas,,cvaras34@yahoo.com,347-465 8951
21-Nov,Der Blatt,Newspaper,Digital,Yiddish,,Jewish,https://www.derblatt.com/,,,,ads@derblatt.com,,845-783-1148
,Der Yid,Newspaper,Print and Digital,Yiddish,New York City,Jewish,http://www.deryid.org/,Samuel M. Stern,"samstern146@gmail.com; samstern@deryid.org;
shia@deryid.org; news@deryid.org",Shia Friedman,shia@deryid.org; adv@deryid.org,,718-797-3900
,Desi Talk,Newspaper,Print,English,International,Indian,desitalk.com,Sunil Adam,suniladam@yahoo.com,Shomik Chaudhuri,shomik@newsindia-times.com,editor@newsindia-times.com,212-675-7515
21-Aug,Deutsche Welle TV,Television,Broadcast,English,,Germany,https://www.dw.com/en/top-stories/s-9097,,,,,,
,Disability Scoop,Newspaper,Print and Digital,English,National,People w/ disabilities,https://www.disabilityscoop.com/,,,,,,
21-Apr,Documented,Newspaper,Digital,"English, Spanish",New York City,Immigrants,http://documentedny.com,Mazin Sidahmed,mazin.sidahmed@documentedny.com,,,info@documentedny.com,347-449-3242
,Downtown Post NYC,Newsletter,Digital,English,Manhattan,Manhattan,DowntownPostNYC.com,Terese Loeb Kreuzer,TereseLoeb10@gmail.com; editor@downtownpostnyc.com,Terese Loeb Kreuzer,advertising@downtownpostnyc.com,,212-807-7509
,Druzhba,Magazine,Digital,Russian,National,"Jewish, Russian",https://www.druzhba.org/,Miriam Yakubov,druzhba1@yahoo.com,Nahum Kaziev,druzhba1@yahoo.com,druzhba1@yahoo.com,718-275-3318
,Dunya International,Newspaper,Digital,"English, Urdu",National,Pakistani,dunyaintl.com,Manzoor Hussain,manzhussain72@yahoo.com,"Rehana Manzoor;
Zahid Hussain","hinahina7676@yahoo.com;
zahidhussain09@hotmail.com",,718-421-1684
21-Apr,Dvar Yoim,Newspaper,Print,Yiddish,New York City,Jewish,http://www.dvaryoim.com/,,DvarYoim@DvarYoim.com,,Ads@DvarYoim.com,DvarYoim@DvarYoim.com,718-384-4190
21-Apr,East New York,Newspaper,Digital,English,Brooklyn,East New York (Brooklyn),https://eastnewyork.com/,,info@jig.media,,info@jig.media,info@jig.media,877-356-9739
21-Aug,Easy 96,Radio,Broadcast,"English, Hindi, Bengali, Punjabi, Bangladeshi, Urdu, Gujarati",Regional – Metro Area,South Asian,https://easy96.com/index.html,Rohit Jagessar,easy96radio@yahoo.com,Sangeet Sharma,easy96radio@yahoo.com,"info@easy96.com , easy96radio@yahoo.com",646-479-9193
21-Aug,EBC Radio,Radio,Broadcast,"Hindi, English",Regional,South Asian,https://ebcmusic.com/,Arvind Agrawal,Arvind@ebcmusic.com,Alka Agrawal,alka@ebcmusic.com,Info@EBCMusic.com; arvind@ebcmusic.com,732-261-3332
,Ecuador News,Newspaper,Digital,Spanish,New York City,Latinx,https://ecuadornews.com.ec/,Marcelo Arboleda,ecuanews@inch.com,,,ecuanews@inch.com,347-239-3152
,eJapion,Newspaper,Print and Digital,Japanese,National,Japanese,ejapion.com,Shintaro Tanaka,tanaka@nyjapion.com,Yoshino Yusuke,yosino@trendpot.com,,212-431-9970
,El Correo,Newspaper,Digital,Spanish,Regional – Metro Area,Latinx,queenscourier.com,Karmina Lopez,klopez@queenscourier.com,Bob Brennan,bbrennan@queenscourier.com,elcorreo@queenscourier.com,718-224-5863
,El Diario,Newspaper,Digital,Spanish,Regional – Metro Area,Latinx,eldiariony.com,Carmen Villavicencio,carmen.villavicencio@eldiariony.com; david.ramirez@eldiariony.com,Oscar Hernandez,oscar.hernandez@eldiariony.com,,212-807-4686
,El Especial,Newspaper,Digital,Spanish,New York City,Latinx,elespecial.com,Gustavo Reyes,greyes@elespecial.com,Anthony Ibarria Jr.,anthony@elespecial.com,,201-348-1959
,Enterate,Magazine,Print,Spanish,Regional – Metro Area,Latinx,enteratemagazineny.com,Jesus Edgardo Cabezas,jecabezas@aol.com,Jesus Edgardo Cabezas,jecabezas@aol.com,jecabezas@aol.com,347-731-0043
21-Nov,Epoch Times,Newspaper,Digital,Chinese,Regional – Metro Area,Chinese,http://www.epochtimes.com/,Helen Zhou,helen.zhou@epochtimes.com,Ellen Wang,ellen.w@epochtimes.com,editor@epochtimes.com,212-244-3395
,Everest Times,Newspaper,Digital,Nepali,National,Nepalese,http://everesttimesnews.com,Angchhiri Sherpa,angchhiring@hotmail.com,Angchhiri Sherpa,everesttimes@gmail.com,everesttimes@gmail.com,347-741-1522
,Everybody's Magazine,Magazine,Print,English,Regional – Metro Area,Caribbean,everybodysmag.com,Herman Hall,editor@everybodysmag.com; herman@everbodysmag.com,Herman Hall,herman@everbodysmag.com,,718-941-1879
21-Apr,Feet in 2 Worlds,Newspaper,Digital,English,New York City,Immigrants,http://www.fi2w.org/,Rob St. Mary,robstmary@gmail.com,,,contact@feetin2worlds.org,
,Filipino Reporter,Newspaper,Print and Digital,English,International,Filipino,filipinoreporter.us,Libertito Pelayo,filipinoreporter@aol.com,Albert Ignacio,alvignacio@yahoo.com,filipinoreporter@aol.com,212-967-5784
,Flatbush Jewish Journal,Journal,Digital,Yiddish,Brooklyn,"Jewish, Brooklyn",flatbushjewishjournal.com,"Mordy Mehlman;
Monica Sokol",editor@thefjj.com,"Mordy Mehlman;
Monica Sokol",ads@thefjj.com,,718-692-1144
,Flushing Post,Newspaper,Print and Digital,English,Queens,Queens,flushingpost.com,,,,,,
,Forest Hills Post,Newspaper,Print and Digital,English,Queens,Queens,foresthillspost.com,,,,,,
,Forest Hills Times,Newspaper,Print and Digital,English,Queens,Queens,foresthillstimes.com,,,,,,
,Forum Daily,Newspaper,Digital,Russian,National,Russian,forumdaily.com,Julia Buniak,forumdaily@gmail.com,Marina Baranchuk,ad@forumdaily.com,,347-604-1261
21-Apr,Forum USA,Newspaper,Print and Digital,"Turkish, English",National,Turkish,http://www.forumusa.com,,"info@forumusa.com, editor@forumusa.com",,,info@forumusa.com,201-654-3978
,Forverts (The Yiddish Daily Forward),Newspaper,Digital,English,National,Jewish,forward.com,Dan  Friendman,dfriedman@forward.com,Kim Amzallag,amzallag@forward.com,newsdesk@forward.com,212-889-8200
,Forverts (The Yiddish Daily Forward),Newspaper,Digital,"English, Yiddish, Hebrew",National,Jewish,forward.com,Dan  Friendman,dfriedman@forward.com,Kim Amzallag,amzallag@forward.com,newsdesk@forward.com,212-889-8200
21-Apr,French Morning,Newspaper,Digital,French,National,French,https://frenchmorning.com/edition/new-york/,,redaction@frenchmorning.com,,pub@frenchmorning.com,pub@frenchmorning.com,646-515-4571
,Gay City News,Newspaper,Print and Digital,English,Regional – Metro Area,LGBTQ+,gaycitynews.com,Paul Schindler,editor@gaycitynews.com,Francesco Regini,francesco@gaycitynews.com,francescoregini@gmail.com,646-452-2496
,Get Out Magazine,Magazine,Print and Digital,English,New York City,LGBTQ+,https://getoutmag.com/,Monique Burton,monique@rivendellmedia.com,,,,
,Glendale Register,Newspaper,Print and Digital,English,Queens,Queens,glendaleregister.com,,,,,,
21-Apr,Gotham Gazette,Newspaper,Digital,English,New York City,-,http://gothamgazette.com,Ben Max,bmax@gothamgazette.com,JaVon Rice,wrice@gothamgazette.com,info@gothamgazette.com,212-227-0342
,Gothamist,Newspaper,Digital,English,New York City,-,https://gothamist.com/,,,,,,
21-Apr,Greek News Online,Newspaper,Print and Digital,"English, Greek",National,Greek,https://www.greeknewsonline.com/,Apostolos E. Zoupaniotis,info@greeknewsonline.com,,,info@greeknewsonline.com,718-545-4888
,Greek Orthodox Observer,Newspaper,Print and Digital,English,International,Greek,https://www.goarch.org/news/observer,Eleftherios Pisalidis,epissalidis@goarch.org,,,,
21-Apr,Greenpoint Gazette,Newspaper,Print and Digital,English,Brooklyn,Greenpoint (Brooklyn),http://greenpointnews.com/,J.D. Hasty,jdh@ebrooklynmedia.com,Katrina Ramus,kat@ebrooklynmedia.com,,
,Greenpoint Post,Newspaper,Print and Digital,English,Brooklyn,Brooklyn,greenpointpost.com,,,,,,
,Greenpoint Star,Newspaper,Print and Digital,English,Brooklyn,Brooklyn,greenpointstar.com,,,,,,
,Greenpointers,Newspaper,Print and Digital,English,Brooklyn,Brooklyn,greenpointers.com,,,,,,
,Gujarat Times,Newspaper,Print,English,National,Gujarati,newsindiatimes.com,Ilayas Quraishi,iq@newsindia -times.com,Ilayas Quraishi,,,212-675-7515
,Haiti Liberte,Newspaper,Print and Digital,Haitian Creole,International,Haitian,haitiliberte.com,Berthony Dupont,editor@haitiliberte.com,Kim Ives,editor@haitiliberte.com,,718-421-0162
,Haiti Observateur,Newspaper,Print and Digital,Haitian Creole,International,Haitian,haiti-observateur.net,Leo Joseph,lojospo@yahoo.com,Maurice Moses,haiti_observateur@yahoo.com,haiti_observateur@yahoo.com,718-812-2820
,Haiti Progres,Magazine,Print and Digital,"French, Haitian Creole",International,Haitian,haitiprogres.com,Maude Le Blanc,newyork@haitiprogres.com,Dianne Cooper,diannecooper@verizon.net,newyork@haitiprogres.com,917 548 5568
,Haitian Times,Newspaper,Print and Digital,Haitian Creole,New York City,Haitian,haitiantimes.com,Vania  Andre,vania.andre617@gmail.com,Vania Andre,ads@haitiantimes.com,editor@haitiantimes.com,718-230-8700;  917-426-5214
,Hamachne Hachareidi,Newspaper,Digital,"Hebrew, Yiddish",New York City,Jewish,hamachne.com,Pesach Lemberger,news@hamachne.com,Pesach Lemberger,news@hamachne.com,,718-438-1263
,Hamodia,Newspaper,Print and Digital,English,International,Jewish,hamodia.com,Reuvain Borchardt,rborchardt@hamodia.com; Ydonn@hamodia.com; submissions@hamodia.com,David Frankel,ads@hamodia.com; sales@hamodia.com,,718-853-9094
,Harlem Community News,Newspaper,Print and Digital,English,New York City,African-American,harlemcommunitynews.com,Pat Stevenson,harlemnewsinc@aol.com,Pat Stevenson,harlenmnewsinc@aol.com,,212-996-6006
,Harlem World Magazine,Newspaper,Digital,English,International,African-American,harlemworldmag.com,Daniel Tisdale,hwcontact@yahoo.com,,,hwcontact@yahoo.com,646-216-8698
21-Apr,HarlemView,Newspaper,Digital,English,Manhattan,Harlem (Manhattan),http://www.HarlemView.com,Susan Thorson,"thorsonsusan@gmail.com, sthorso000@citymail.cuny.edu",,harlemviewccny@gmail.com,thorsonsusan@gmail.com,917-678-6069
,Hellenic Times,Newspaper,Digital,"Greek, English",New York City,Greek,hellenictimes.org,James Kapsalis,hellenictimes@aol.com,,,,212-986-6881
21-Apr,Her Agenda,Website,Digital,English,National,"African-American, Female-Identifying",https://heragenda.com/,Rhonesha Byng,rhonesha@heragenda.com,,,rhonesha@heragenda.com,
,Hispanic Network Magazine,Magazine,Print and Digital,English,National,Latinx,https://www.hnmagazine.com/,Sheila Hill,shill@diversitycomm.net,,,,
,Illyria News,Newspaper,Digital,Albanian,National,Albanian,illyriapress.com,Ruben Avxhiu,"ruben@illyriapress.com;
info@illyriapress.com",Gena Morina,marketing@illyriapress.com,,212-868-2224
21-Nov,Image Magazine,Magazine,Digital,English,,Jewish,https://imageusa.com/,,,,https://imageusa.com/about/,,
,Impacto Latino,Newspaper,Print and Digital,Spanish,International,Latinx,impactolatino.com,Jason Smith,jsmith@impactolatino.com,Gail Smith,gsmith@impactolatino.com,,212-807-0400
21-Apr,Irish America Magazine,Magazine,Print and Digital,English,National,Irish,http://irishamerica.com,Patricia Harty,submit@irishamerica.com,Mary Cucinell,maryc@irishamerica.com,info@irishamerica.com,212-725-2993
21-Apr,Irish Central,Newspaper,Print and Digital,English,Regional – Metro Area,Irish,irishcentral.com,Debbie McGoldrick,dmcgoldrick@irishvoice.com,Mairead Bresnan,mdoyle@irishvoice.com,,212-684-3366
,Irish Echo,Newspaper,Print and Digital,English,Regional – Metro Area,Irish,irishecho.com,Ray O'Hanlon,rohanlon@irishecho.com,Mairead Tully,mtully@irishecho.com,pmcdermott@irishecho.com,212-482-4818
21-Aug,Irish Radio Network USA,Radio,Broadcast,English,National,Irish,http://www.irishradio.com/,,,,,info@irishradio.com,212-935-0606
21-Aug,ITV Gold,Television,Broadcast,,,Indian,https://itvgold.com/,,,,,,212-675-7515
21-Aug,ITVN,Television,Broadcast,Polish,,Polish,https://www.tvn.pl/,,,,,WIDZOWIE@TVN.PL,22 856 61 61
,Jackson Heights Post,Newspaper,Print and Digital,English,Queens,Queens,jacksonheightspost.com,,,,,,
,Jewish Connection,Newspaper,Print and Digital,English,New York City,Jewish,jewishc.com,,,,,,
,Jewish Currents,Magazine,Digital,English,National,Jewish,jewishcurrents.org,Lawrence Bush,lawrencebush@earthlink.net,,,lawrencebush@earthlink.net,845-626-2427
,Jewish Herald,Newspaper,Print and Digital,English,Brooklyn,"Jewish, Brooklyn",,Leon J. Sternheim,leon@jewishherald.com,Ruth Kallen,ruth@jewishherald.com,,718-972-4000
,Jewish Insider,Newspaper,Digital,English,National,Jewish,jewishinsider.com,,Editor@JewishInsider.com,,,,
,Jewish Post,Newspaper,Print and Digital,English,Regional – Metro Area,Jewish,jewishpost.com,Henry Levy,henryjlevy@yahoo.com,Henry Levy,henryjlevy@yahoo.com,jewishpost@yahoo.com,212-563-9219
,Jewish Press,Newspaper,Print and Digital,English,National,Jewish,jewishpress.com,Jerry Greenwald,editor@jewishpress.com,Marc Klein,mklein@jewishpress.com,editor@jewishpress.com,718-330-1100
,Jewish Voice,Newspaper,Digital,English,National,Jewish,http://thejewishvoice.com/,David BenHooren,publisher@jewishvoiceny.com,,,,
,Jewish Vues,Newspaper,Print and Digital,English,New York City,Jewish,jewishvues.com,,,,,,
,Jewish Week,Newspaper,Print and Digital,English,National,Jewish,thejewishweek.com,Gary Rosenblatt,gary@jewishweek.org,Ruth Rothseid,ruth@jewishweek.org,editor@jewishweek.org,212-921-7822
,Jewish World,Newspaper,Print and Digital,English,National,Jewish,jewishworldnews.org/contact,Laurie Clevenson,news@jewishworldnews.org,Jim Clevenson,jim@jewishworldnews.org,,518-344-7018
,Jezebel,Newspaper,Digital,English,National,Female Identifying,https://jezebel.com/,,,,,,
,JP News,Newspaper,Print,English,New York City,Jewish,jpnewsny.com,,info@jpupdates.com,,,,
21-Aug,Jus Punjabi,Television,Broadcast,Punjabi,International,,https://www.jusbroadcasting.com/,,,,,,718-752-9290
,Kan Zhong Guo (Vision Times),Newspaper,Print and Digital,"Chinese, English",Regional – Metro Area,Chinese,http://www.secretchina.com,Henry Wang,henry.wang@visiontimes.com,Michael Xu,michael.xu@visiontimes.com,henry.wang@visiontimes.com,212-730-6963
,Kashrus Magazine,Magazine,Digital,English,Regional – Metro Area,Jewish,kashrusmagazine.com,Rabbi Yosef Wikler,editorial@kashrusmagazine.com,Rabbi Yosef Wikler,ads@kashrusmagazine.com,,718-336-8544
21-Aug,KATZ-OTT,Television,Broadcast,,,,https://katzdigitalvideo.com/,NA,NA,Victoria Toth,Victoria.toth@katzmedia.com,pj.stack@katzmedia.com,212-408-3674
21-Apr,Khasokhas,Magazine,Print and Digital,"Nepali, English",New York City,Nepalese,https://www.khasokhas.com/,Kishor Panthi,kishorpanthi@gmail.com,,,khasokhas@gmail.com,347-612-9449
21-Apr,Kigyo Gaikyo Newspaper,Newspaper,Print and Digital,Japanese,National,Japanese,http://ujp.com,Nobuo Ijchi,ijchi@ujp.com,Naoki Hishida,hishida@ujp.com,mail@ujp.com,212-252-8833
21-Apr,Korea Daily,Newspaper,Print and Digital,Korean,National,Korean,http://www.koreadaily.com/index_local_branch.html?branch=NY,,,,,,718-361-7700
,Korea Daily (New York Ilbo),Newspaper,Print and Digital,Korean,Regional – Metro Area,Korean,newyorkilbo.com,Euiyong Song,edit@newyorkilbo.com,Eunice Chung,"nyilbod@gmail.com;
chungeunsil@gmail.com",,718-939-0900
,Korea Times,Newspaper,Print and Digital,English,Regional – Metro Area,Korean,koreatimes.com,"Juyoung Ahn;
Jinhye Kim","ktnyedit@gmail.com;
jhkim@koreatimes.com",Margarette So (Advertising Director); Nann Jun (Marketing Director),"ad_ny@koreatimes.com;
marketing@koreatimes.com;
marketingny@koreatimes.com",,718-482-1111
21-Aug,Korean Broadcasting Network,Television,Broadcast,Korean,International,Korean,https://www.mykbn.com/,Byungkuk Kim,nypress67@gmail.com,kay Youm,kyoum1153@gmail.com,kbnnews@gmail.com,201-943-1212
21-Aug,Korean Channel TV,Television,Broadcast,Korean,National,Korean,,,,,,,
21-Aug,Korean Radio Broadcasting,Radio,Broadcast,Korean,International,Korean,www.am1660.com,K Sung,k@am1660.com,K Sung,k@am1660.com,,718-358-9300
,Kurier Plus,Newspaper,Print,Polish,Regional – Metro Area,Polish,kurierplus.com,Zofia Doktorowicz-Kłopotowska,kurier@kurierplus.com,Zofia Doktorowicz-Kłopotowska,kurier@kurierplus.com,,718-389-3018
,Kyodo News,Newspaper,Digital,"Japanese, English",International,Japanese,english.kyodonews.jp,Gemji Yamaguchi,yamaguchi.gemji@kyodonews.jp,Gemji Yamaguchi,yamaguchi.gemji@kyodonews.jp,,"917-763-0911; 
212-508-5060"
,La Tribuna Hispana USA,Newspaper,Print and Digital,Spanish,National,Latinx,latribunahispana.com,Luis Aguilar,editorial@latribunahispana.com,Emilio Ruiz,emilior@latribunahispana.com,advge@latribunahispana.com,888-900-2811
21-Apr,La Voz De Honduras (Newspaper),Newspaper,Print and Digital,Spanish,New York City,Honduran,https://lavozdehondurasnews.com/,Martha Aparicio,lavozinternacional@gmail.com,Martha Aparicio,lavozinternacional@gmail.com,lavozdehonduras@gmail.com,347-791-5183
21-Aug,La Voz de Honduras Radio,Radio,Broadcast,Spanish,,Honduran,https://www.radiohrn.hn,,,,,,
,Labor Press,Newspaper,Digital,English,Manhattan,Manhattan,laborpress.org,Neal Tepel,neal@laborpress.org,Stephanie West,stephanie@laborpress.org,,646-529-8435
,Lassi with Lavina,Newspaper,Digital,"English, Bengali, Guajarati, Tamil, Hindi, Marathi",International,Indian,lassiwithlavina.com,Lavina Melwani,lmelwani@gmail.com,Lavina Melwani,lmelwani@gmail.com,,917-657-6888
21-Aug,Latin Society of Audiovisual Media Inc,Television,Broadcast,Spanish,New York City,Latino / Dominican,,,,,,,
,Leader Observer of Woodhaven & Richmond Hill,Newspaper,Print and Digital,English,Queens,Queens,leaderobserver.com,,,,,,
,LIC Post,Newspaper,Print and Digital,English,Queens,Queens,licpost.com,,,,,,
,LIC/Astoria Journal,Newspaper,Print and Digital,English,Queens,Queens,http://www.licjournal.com/,,,,,,
,Lilith Magazine,Magazine,Print and Digital,English,National,Jewish,Lilith.org,Susan Weidman Schneider,SusanWS@Lilith.org,,,info@Lilith.org,212-757-0818
21-Apr,Luach Hatzibur,Newspaper,Print and Digital,"Yiddish, English",New York City,Jewish,https://www.dailyluach.com/,,,,luachads@gmail.com,LuachHatzibur@gmail.com,718-303-4300
21-Apr,Luso Americano,Newspaper,Print and Digital,Portuguese,National,Portuguese,http://lusoamericano.com,Luis Pires,lpires@lusoamericano.com,Lucy Jesus,ldejesus@lusoamericano.com,,973-344-3200
21-Aug,Makilala TV,Television,Broadcast,English,Regional,Filipino,https://makilalatv.com/,"Christina DC, Jen Furer, Rachelle Ocampo",cristina@makilalatv.com; jen@makilalatv.com; rachelle@makilalatv.com,"Christina DC, Jen Furer, Rachelle Ocampo",cristina@makilalatv.com; jen@makilalatv.com; rachelle@makilalatv.com,info@makilalatv.com,908-377-3979; 516-582-9310
,Manhattan Express,Newspaper,Digital,English,Manhattan,Manhattan,,Kathy Wenk,kwenk@schnepsmedia.com,,,,
21-Aug,Manhattan Neighborhood Network,Television,Broadcast,"English, Spanish, Arabic, Mandarin, Chinese, Japanese",New York City,Asian,https://www.mnn.org/watch/programs/youth-channel,,,,,,212-757-2670
21-Aug,Manhattan Neighborhood Network,Television,Broadcast,English,New York City,,https://www.mnn.org/,,,,,,212-757-2670
21-Aug,MBC MASR-TV,Television,Broadcast,Arabic,,Egyptian,https://www.mbc.net/home-page,,,,,,
,Metro Source,Magazine,Digital,English,National,LGBTQ+,https://metrosource.com/,Evelyn Vayner,evayner@metrosource.com,,,,
,Mill Basin Marine Park Courier,Newspaper,Print and Digital,English,Brooklyn,Brooklyn,,,,,,,
,Minority Commerce Weekly,Newsletter,Digital,English,National,People of Color,https://minoritycommerceweekly.com/,Jim Wood,jimwood@minoritycommerceweekly.com,,,,
,Mishpacha,Magazine,Print and Digital,"English, Hebrew",International,Jewish,mishpacha.com,Binyamin Rose,usoffice@mishpacha.com,Nina Feiner,advertise@mishpacha.com,,718-686-9339
21-Apr,MNN El Barrio Firehouse Community Media Center,Newspaper,Digital,Various,Manhattan,Manhattan,http://mnn.org,Samoya Nicolas,marketing@mnn.org,,,Zenaida@mnn.org,212-757-2670
,Mott Haven Herald,Newspaper,Digital,English,Bronx,Bronx,motthavenherald.com,Joe Hirsch,news@motthavenherald.com,,,editor@motthavenherald.com,718-549-2398
21-Aug,MTV LEBANON-TV,Television,Broadcast,Arabic,,Lebanese,https://www.mtv.com.lb/,,,,,,961 4 444 000
,Mundo Hispanico,Newspaper,Print and Digital,"English, Spanish",National,Latinx,https://mundohispanico.com/,,,,,,
,Muslim Community Report,Newspaper,Print and Digital,English,National,Muslim,,,,,,,
,National Urban League,Other Website,Digital,English,National,African-American,https://nul.org/,,,,,,
21-Aug,New Tang Dynasty Television,Television,Broadcast,Chinese,International,Chinese,https://www.ntdtv.com/,,,,,advertising@ntdtv.com,
,New York Amsterdam News,Newspaper,Print and Digital,English,International,African-American,amsterdamnews.com,Elinor Tatum,Elinor.tatum@amsterdamnews.com,Penda Howell,Penda.howell@amsterdamnews.com,penda.howell@amsterdamnews.com,212-932-7400
,New York Awam,Newspaper,Print and Digital,Urdu,Regional – Metro Area,Pakistani,newyorkawam.org,Hameed Minhas,nypawam@aol.com,Hameed Minhas,nypawam@aol.com,nypawam@aol.com,212-219-1331
21-Apr,New York Biz,Newspaper,Print and Digital,Japanese,New York City,Japanese,https://nybiz.nyc/,Akiko Kudo,kudo@weeklybiz.us,,,info@weeklybiz.us,212-997-0210
21-Aug,News 12,Television,Broadcast,English,Regional,,https://bronx.news12.com; https://brooklyn.news12.com,,,,,news12bx@news12.com; news12bkln@news12.com,"(718) 951-3991 (brooklyn), (718) 861-7215 (bronx)"
,News India Times USA,Newspaper,Print,English,International,Indian,newsindia-times.com,Sunil Adam,suniladam@yahoo.com,Shomik Chaudhuri,shomik2@newsindia-times.com,editor@newsindia-times.com,212-675-7515
,Newspaper Yevreiski Mir,Newspaper,Digital,Russian,National,Russian,evreimir.com,"Aryeh Katzin,
Lev Katsin","yevmir@gmail.com;
LevKatzin@evreimir.com; 
info@evreimir.com",Sergey Burmin,Manager@evreimir.com,,718-434-0900
,Norwood News,Newspaper,Print and Digital,English,Bronx,Bronx,norwoodnews.org,Sile Moloney,smoloney@norwoodnews.org,Janet Geller,jgeller@norwoodnews.org,norwoodnews@norwoodnews.org,718-324-4998
,Nowy Dziennik,Newspaper,Print and Digital,Polish,Regional – Metro Area,Polish,dziennik.com,Tomasz Bagnowski,"listy@dziennik.com;
tb@dziennik.com;
greenpoint@dziennik-com;
ib@dziennik-com","Delfina Kozimor;
Ilona Bruzda",,,"718-389-6117; 
212-594-2266"
21-Aug,One Caribbean Television,Television,Broadcast,English,National,Caribbean,https://onecaribbeantelevision.com/,,,,,,
,Our Time Press,Newspaper,Print and Digital,English,Brooklyn,African-American,ourtimepress.com,David Greaves,editors@ourtimepress.com,David Greaves,dbgmedia@ourtimepress.com,,718-599-6828
,Our Town,Newspaper,Print and Digital,English,Manhattan,Manhattan,nypress.com/our-town,Allen Houston,ahouston@manhattanmedia.com,Gerry Gavin,ggavin@manhattanmedia.com,ahouston@manhattanmedia.com,212-268-8600
21-Apr,Pakistan News USA (Daily News Pakistan),Newspaper,Print and Digital,"Urdu, English",National,Pakistani,http://dailynewspakistan.com/,Mujeeb S Lodhi,"newspakistan@aol.com, info@dailynewspakistan.com",Noor LodhI,,newspakistan@aol.com,347-236-8690
,Pakistan Post,Newspaper,Print and Digital,English,National,Pakistani,pakistanpost.net,Mohammad Farooqi,afaqfarooqi@yahoo.com,,,postnewyork@aol.com,718-739-3262
,Pakistan Voice,Newspaper,Print and Digital,English,National,Pakistani,pakistanvoice.net,Bashir Qamar,qamar777@hotmail.com,,,pakistanvoice@yahoo.com,516-470-1526
,Park Slope Courier,Newspaper,Print and Digital,English,Brooklyn,Brooklyn,cngmid.brooklynpaper.com/sections/park-slope-courier,,,,,,
21-Apr,Parkchester Times,Newspaper,Digital,English,Bronx,Parkchester (Bronx),https://parkchestertimes.com/,,editor@parkchestertimes.com,,,editor@parkchestertimes.com,718-822-5555
21-Apr,Parle Magazine,Magazine,Digital,English,National,African American,https://www.parlemag.com,Kevin Benoit,parlemagazine@gmail.com,Kevin Benoit,,parlemagazine@gmail.com,646-262-6026
21-Apr,Philippine Daily Mirror,Newspaper,Digital,English,Regional – Metro Area,Filipino,https://philippinedailymirror.com,Richie Rillera,rickyrillera@philippinedailymirror.com,,,info@philippinedailymirror.com,908-485-6188
,Positive Community,Magazine,Print and Digital,English,Regional – Metro Area,African-American,https://thepositivecommunity.com/,"Adrian Council, Jr",adrian_jr@thepositivecommunity.com,,,,
,"Pride Media, Inc.",Newspaper,Print and Digital,English,National,LGBTQ+,https://www.pridemedia.com/,,,,,,
21-Aug,PTC Punjabi,Television,Broadcast,Punjabi,National,Indian,https://www.ptcplay.com/,,,,,appfeedback@ptcnetwork.com,
21-Aug,PTC Punjabi,Television,Broadcast,Punjabi,National,Indian,https://www.ptcplay.com/,,,,,appfeedback@ptcnetwork.com,
,Punjabi Duniya Newspaper,Newspaper,Digital,Punjabi,National,Punjabi,punjabiduniya.com,Sharanjit Singh,editor@punjabiduniya.com,Anupam Nagpal,,editor@punjabiduniya.com,917-612-3158
21-Aug,Punjabi Duniya TV,Television,Broadcast,Punjabi,,,http://punjabiduniya.com/default.aspx,,,,,,
,Queens Buzz,Newspaper,Digital,English,Queens,Queens,queensbuzz.com,Michael Wood,mwood@queensbuzz.com,Michael Wood,mwood@queensbuzz.com,,718-458-0535
,Queens Chronicle,Newspaper,Print and Digital,English,Queens,Queens,qchron.com,Peter C. Mastrosimone,peterm@qchron.com,Ray Sito,rays@qchron.com,mailbox@qchron.com,718-205-8000
,Queens Courier,Newspaper,Print and Digital,English,Queens,Queens,qns.com/about-us,Robert Pozarycki,editorial@qns.com; rpozarycki@qns.com,Bob Brennan,bbrennan@qns.com,,718-224-5863 Ext. 204
,Queens Daily Eagle,Newspaper,Digital,English,Queens,Queens,QueensEagle.com,Michael Nussbaum / David Brann,david@queenspublicmedia.com; michael@queenspublicmedia.com,Michael Nussbaum / Maurine Capolla,michael@queenspublicmedia.com; maureen@queenspublicmedia.com,,718-643-0999
,Queens Examiner,Newspaper,Print and Digital,English,Queens,Queens,queensexaminer.com,,,,,,
,Queens Gazette,Newspaper,Print and Digital,English,Queens,Queens,qgazette.com,Tony Barsamian,qgazette@aol.com,Tony Barsamian,qgazette@aol.com,,718-361-6161
,Queens Jewish Link,Newspaper,Digital,English,Queens,Jewish,queensjewishlink.com,Rabbi Yisroel Benedek,queensjewishlink@gmail.com,"Yaakov Serle;
Abe Fuchs",,,718-880-2622
,Queens Latino,Newspaper,Print and Digital,Spanish,Queens,Latinx,queenslatino.com,Javier Castano,javiercastano@queenslatino.com,,,javiercastano@queenslatino.com,646-246-1960
,Queens Ledger,Newspaper,Print and Digital,English,Queens,Queens,queensledger.com,Walter Sanches,news@queensledger.com,,ads@queensledger.com,,718-426-7200
,Queens Post,Newspaper,Print and Digital,English,Queens,Queens,queenspost.com,,,,,,
21-Aug,Queens Public Television,Television,Broadcast,English,New York City,,https://qptv.org/,,,,,,(718) 886-8160
,Queens Times Ledger,Newspaper,Digital,English,Queens,Queens,queensledger.com,Walter Sanches,news@queensledger.com,,ads@queensledger.com,,718-426-7200
,Queens West Villager,Newspaper,Digital,English,Queens,Queens,queenswestvillager.com,,holly@queenswestvillager.com,,,holly@queenswestvillager.com,917-723-4208
21-Aug,Radio Asia,Radio,Broadcast,English,International,"Asia, various",https://www.radioasiauae.com/,,,,,sales@radioasia.ae,00 971 4 4534950
21-Aug,Radio Rampa,Radio,Broadcast,Polish,New York City,Polish,https://radiorampa.com/,Monika Adamski,Monika@radiorampa.com,Artur Adamski,artur@radiorampa.com ; Cell Number - 732-801-1570,info@iRampa.com,917-688-2424
21-Aug,Radio Soleil,Radio,Broadcast,"French, Haitian Creole, English",New York City,,http://www.radiosoleil.com/,Ricot Dupuy,radsol@aol.com,Ricot Dupuy,0,0,917 817 2501
21-Aug,Radio Zindagi,Radio,Broadcast,"English, Hindi",,"Indian, South Asian",https://radiozindagi.com/newyork/,,,,,skhali@aol.com,732-662-4701
21-Aug,Radisoil Carribean,Radio,Broadcast,,,,,,,,,,
,Red Hook Star Revue,Newspaper,Print and Digital,English,Brooklyn,Brooklyn,star-revue.com,George Fiala,george@redhookstar.com,Jamie Yates,jamie@redhookstar.com,,718-624-5568
,Rego Park Times,Newspaper,Print and Digital,English,Queens,Queens,,,,,,,
,Ridgewood Post,Newspaper,Print and Digital,English,Queens,Queens,ridgewoodpost.com,,,,,,
,Ridgewood Times,Newspaper,Print,English,Queens,Queens,https://qns.com/timesnewsweekly/,Adele Udell,audell@schnepsmedia.com,,,,
,Riverdale Press,Newspaper,Print,English,Bronx,Bronx,riverdalepress.com,Michael  Hinman,mhinman@riverdalepress.com,Cheryl Ortiz,cortiz@riverdalepress.com,newsroom@riverdalepress.com,718-543-6065
21-Nov,Rockaway Point News,Newspaper,Digital,English,Far Rockaway,,http://rpnewsonline.com/currentissue/RPN.pdf,,,,,,718-634-8730
,Rockaway Times,Newspaper,Digital,English,Queens,Queens,rockawaytimes.com,Katie McFadden,Editor@RockawayTimes.com,PatricIa Mcveigh,Ads@RockawayTimes.com,,718-634-3030
,Romanian Journal,Newspaper,Digital,Romanian,International,Romanian,romanianjournal.us,Vasile Badaluta,romanianjournalny@yahoo.com; editor@romanianjournal.us,Mariana Tera,nymariana@aol.com,,718-482-9588
,Roosevelt Islander,Newspaper,Digital,English,Manhattan,Roosevelt Island (Manhattan),http://rooseveltislander.blogspot.com/,Rick O'Conor,rooseveltislander@gmail.com,,,,
21-Aug,RTN-TV,Television,Broadcast,Russian,,,https://www.rtn.tv,,,,,,
21-Aug,RTVI-TV,Television,Broadcast,Russian,International,Russian,https://rtvi.com/,,,,,Infortvi@rtvi.com,7(499)579-86-96
21-Aug,RUSA Radio,Radio,Broadcast,Russian,National,Russian,https://rusa.fm/,Anna Peckerman,anna@rusa.fm,Helen Vinogradova,helen@rusa.fm,info@rusa.fm,718-339-0003
21-Aug,Rusrek Radio,Radio,Broadcast,Russian,,Polish,https://rusrek.com/,Mikhail Tripolsky,Zemakat@gmail.com,Mariya Mishina,rusrek2000@gmail.com,rusrek2000@gmail.com,718-769-3000
,Russian Bazaar,Newspaper,Digital,Russian,National,Russian,Russian-Bazaar.com,Natasha Shapiro,Rusbazaar@yahoo.com,Margarita Shapiro,Rusbazaar@yahoo.com,Rusbazaar@yahoo.com,718-266-4444
21-Aug,Russian Radio,Radio,Broadcast,Russian,National,Russian,,,,,,,
,Russkaya Reklama,Newspaper,Print and Digital,Russian,Regional – Metro Area,Russian,rusrek.com,Michael Tripolsky,reklama2000@yahoo.com,,,reklama2000@yahoo.com,718-769-3000
21-Nov,Sada-e-Pakistan,Newspaper,Digital,Urdu,Brooklyn,Pakistani,https://www.facebook.com/pages/category/Broadcasting---Media-Production-Company/Sada-E-Pakistan-193774580633855/,,,,,,(718) 859-1847
,Schneps Media,Newspaper,Print and Digital,English,Regional – Metro Area,-,https://www.schnepsmedia.com/,Josh Schneps,jschneps@schnepsmedia.com,0,0,0,718 260 8331
,Sing Tao Daily,Newspaper,Print and Digital,Chinese,National,Chinese,singtaousa.com/ny,Lotus Chau,"lotuschau@nysingtao.com; 
info@nysingtao.com",Rick Ho,"rickho@nysingtao.com;
marketing@nysingtao.com",,212-699-3800
21-Aug,SinoVision,Television,Broadcast,Chinese,International,Chinese,https://www.nysino.com/sinotv,,,,,,
21-Aug,Sony Entertainment Television (SET India),Television,Broadcast,Hindi,,Indian,https://setchannel.tv,,,,,,
,South East Queens Press,Newspaper,Print,English,Queens,Queens,queenspress.com,Steven Ferrari,editor@queenspress.com,Gerry Laytin,glaytin@queenstribune.com,news@queenspress.com,718-357-7400
,Staten Island Advance,Newspaper,Print and Digital,English,Staten Island,Staten Island,silive.com,Brian Laline,laline@siadvance.com,Dan Ryan,dryan@siadvance.com,,
,Staten Island Business Trends,Newspaper,Digital,English,Staten Island,Staten Island,https://sibiztrends.com/,Bonnie Arciero,barciero@newspapermediagroup.com,,,,
21-Aug,Staten Island Community Television,Television,Broadcast,English,New York City,,http://www.sictv.org/,,,,,STAFF@SICTV.ORG,718 727-1414
,Straus Media Group,Newspaper,Print and Digital,English,Manhattan,Manhattan,http://strausnews.com/,Seth Miller,seth.miller@strausnews.com,,,,
21-Aug,Subrang TV USA,Television,Broadcast,"Urdu, Bengali, English",National,Pakistani,https://www.subrangtv.com/,,,,,,(718) 267-9464
,Sunnyside Post,Newspaper,Digital,English,Queens,Queens,https://sunnysidepost.com/,Christian Amez,camez@queenspost.com,,,,
21-Aug,Sunu Afrik Radio,Radio,Broadcast,"English, French, Various African",National,,0,El Hadji Ndao,sunundao@gmail.com,El Hadji Ndao,0,0,678 208 9027
21-Aug,SUPER CANAL-TV,Television,Broadcast,Spanish,,Dominican,www.supercanal.com,,,,,info@supercanal.com,809 531 3333
21-Apr,Super Express,Newspaper,Print and Digital,Polish,National,Polish,https://usa.se.pl,Magdalena Odziemczyk,modziemczyk@se.com.pl,Eric Porezynski,darekp@seusa.info,reklama@seusa.info,212-227-5800
,Tablet Magazine,Magazine,Print and Digital,English,International,Jewish,tabletmag.com,Alana Newhouse,alana.newhouse@gmail.com; info@tabletmag.com,Gabriel Sanders,gsanders@tabletmag.com; advertising@tabletmag.com,,212-920-3676
21-Aug,TBN24,Television,Broadcast,"Bangla, English",New York City,Bangladeshi-American,https://www.tbn24.com/,Habib Rahman,hrahman@tbn24.com,AF Mesbahuz Zaman,mailto:sales@tbn24.com,info@tbn24.com,718 808-9000
21-Aug,TELEMICRO-TV,Television,Broadcast,Spanish,,Dominican,https://telemicro.com.do/,,,,,,
,The  Bulletin (Williamsburg Bulletin),Magazine,Print,English,Brooklyn,Jewish,https://williamsburgbulletin.com/,,ADS@willbulletin.com,,,,
21-Aug,The Africa Channel TV,Television,Broadcast,English,,African,https://theafricachannel.com/,,,,,info@theafricachannel.com,818 655-9977
,The African Sun Times,Newspaper,Digital,English,National,African,africansuntimes.com,Abba Onyeani,aonyeani@africansuntimes.com,Chika  Onyeani II,aonyeani@africansuntimes.com,africansuntimes@yahoo.com,973 280 8415
21-Apr,The Algemeiner,Newspaper,Print and Digital,English,International,Jewish,https://www.algemeiner.com/,Dovid Efune,Editor@algemeiner.com,Feige Braun,Algemeiner@aol.com,editor@algemeiner.com,212-376-4988
,The Black Star News,Newspaper,Digital,English,International,African-American,blackstarnews.com,Milton Allimadi,milton@blackstarnews.com,Vernon Verdree,Vernon@blackstarnews.com,milton@blackstarnews.com,646-261-7566
21-Apr,The Brasilians Newspaper,Newspaper,Print and Digital,"English, Portuguese",New York City,Brazilian,http://thebrasilians.com,João de Matos,go2rio@aol.com,Isaura La Cour,isaurathebrasilians@gmail.com,Tthebrasil@aol.com,212-398-6464
,The Bridge Brooklyn Business News,Newspaper,Digital,English,Brooklyn,Brooklyn,thebridgebk.com,Steve Koepp,,Steve Koepp,,,
,The Bronx Daily,Newspaper,Print and Digital,English,Bronx,Bronx,bronx.com,,,,,,
,The Bronx Free Press,Newspaper,Print and Digital,"Spanish, English",Bronx,Bronx,thebronxfreepress.com,Debralee Santos,"editor@thebronxfreepress.com, editor@thebronxfreepress.com",Roberto Ramirez,publisher@thebronxfreepress.com,"editor@manhattantimesnews.com, editor@thebronxfreepress.com",212-569-5800
,The Bronx Times Reporter,Newspaper,Digital,English,Bronx,Bronx,bxtimes.com,John Collazzi,"bronxtimes@aol.com; 
JCollazzi@CNGLocal.com",Laura Guerriero,lguerriero@schnepsmedia.com,,718-260-4597
,The Brooklyn Home Reporter,Newspaper,Digital,English,Brooklyn,Brooklyn,brooklynreporter.com/about-us,Helen Klein,hklein@brooklynreporter.com; editorial@brooklynreporter.com,"Megan McGoldrick;
Alice Peters","MMcGoldrick@brooklynreporter;
alice@brooklyneagle.com",,718-238-6600
,The Brooklyn Rail,Journal,Digital,English,Brooklyn,Brooklyn,http://brooklynrail.org,Phong  Bui,hq@brooklynrail.org,,,"editorial@brooklynrail.org, hq@brooklynrail.org",718-349-8427
,The Bukharian Times,Newspaper,Print and Digital,Russian,Queens,"Jewish, Russian",bukhariantimes.org,Raphael Nektalov,bukhariantimes@aol.com,Mark Rubinov,bukhariantimes@aol.com,bukhariantimes@aol.com,718-261-1595
,The Chief,Newspaper,Print and Digital,English,New York City,-,https://thechiefleader.com/,Ed Prial,eprial@rcn.com,,,,
,The FilAm,Magazine,Print and Digital,English,International,Filipino,thefilam.net,Cristina Pastor,thefilamny@gmail.com,,,thefilamny@gmail.com,848-219-0069
,The Forum,Newspaper,Digital,English,Queens,Queens,http://theforumnewsgroup.com/,Michael V. Cusenza,michael@theforumnewsgroup.com,Michael V. Cusenza,michael@theforumnewsgroup.com,forumsouth@gmail.com,718-845-3221
21-Apr,The Greenline,Newspaper,Digital,English,Brooklyn,North Brooklyn,https://northbrooklynnews.com/,Lori Ann Doyon,Ldoyon@stnicksalliance.org,Lori Ann Doyon,Ldoyon@stnicksalliance.org,,718-388-5454
,The Harlem Times,Newspaper,Digital,English,Manhattan,Manhattan,theharlemtimes.com,John Meo,johnjmeo@gmail.com,Paul jackson,pjackson@theharlemtimes.com,pjackson@theharlemtimes.com,347-569-7120
,The Hunts Point Express,Newspaper,Digital,English,Bronx,Bronx,huntspointexpress.com,Bernard Stein,editor@huntspointexpress.com,,,editor@huntspointexpress.com,718-549-2398
,The Immigrant's Journal,Journal,Print,English,New York City,Immigrant,,Pearl Phillip,cariaweekly@aol.com,,,immjournal@aol.com,718-243-9431
21-Apr,The Indypendent,Newspaper,Print and Digital,English,New York City,-,http://indypendent.org,John Tarleton,john@indypendent.org,Dean Patterson,dean.indypendent@gmail.com,contact@indypendent.org,212-904-1282
,The Lo-Down,Newspaper,Digital,English,Manhattan,Manhattan,thelodownny.com,Ed Litvak,ed@thelodownny.com,Traven Rice,ads@thelodownny.com,info@thelodownny.com,646-861-1805
,The Manhattan Times,Newspaper,Print and Digital,"English, Spanish",Manhattan,Manhattan,manhattantimesnews.com,Debralee Santos,editor@manhattantimesnews.com,Roberto Ramirez,publisher@manhattantimesnews.com,editor@manhattantimesnews.com,212-569-5800
,The National Herald,Newspaper,Print and Digital,English,International,Greek,thenationalherald.com,Antonis Diamataris,publisher@thenationalherald.com,Veta Diamataris,advertising@thenationalherald.com,english.edition@thenationalherald.com,718-784-5255
,The Network Journal,Journal,Print and Digital,English,Regional – Metro Area,African-American,tnj.com,Rosalind McLymont,rmclymont@tnj.com,,,tnjeditors@tnj.com,212-962-3791
,The New York Beacon,Newspaper,Print and Digital,English,Regional – Metro Area,African-American,https://newyorkbeacon.com/,Miatta Smith,nybeaconads@yahoo.com,Miatta Smith,nybeaconads@yahoo.com,,212-213-8585
,The New York Carib News,Newspaper,Print and Digital,English,National,Caribbean,www.nycaribnews.com,Karl Rodney,"kfrodney@nycaribnews.com, caribnews347@gmail.com,",Faye Rodney,rodneyfaye@aol.com,caribdesk@gmail.com,212-944-1991
,The New York World,Newspaper,Digital,English,New York City,-,thenewyorkworld.com,Benjamin Lesser,benjamin.lesser@thenewyorkworld.com,,,nyworld@thenewyorkworld.com,212-854-7356
,The Pakistani Newspaper,Newspaper,Print and Digital,"English, Urdu",International,Pakistani,pn.com.pk,Mohsin Zaheer,mohsinzaheer@aol.com,,,mohsinzaheer@aol.com,917-287-1995
,The South Asian Insider,Newspaper,Print and Digital,English,International,South Asian,thesouthasianinsider.com,Sharanjit Singh Thind,editor@thesouthasianinsider.com,Anupam Nagpal,anupam@thesouthasianinsider.com,editor@thesouthasianinsider.com,516-495-4411
,The South Asian Times,Newspaper,Digital,English,National,South Asian,thesouthasiantimes.info,Parveen Chopra,parveen@thesouthasiantimes.info,Arjit Mehta,arjit@thesouthasiantimes.info,arjit@thesouthasiantimes.info,516-390-7847
,The Tablet,Newspaper,Print and Digital,English,Brooklyn,Catholic,https://thetablet.org/,JoAnn DiNapoli,jdinapoli@desalesmedia.org,,,,
,The Tribeca Trib,Newspaper,Print and Digital,English,Manhattan,Manhattan,tribecatrib.com,Carl Glassman,carlg@tribecatrib.com,Dana Seman,dana@tribecatrib.com,tribeditor@tribecatrib.com,212-219-9709
,The Wave,Newspaper,Print and Digital,English,Queens,Queens,rockawave.com,Mark C. Healey,editor@rockawave.com,Feicia Edwards,ads@rockawave.com,,718-634-4000 Ext. 221
,The West Indian,Newspaper,Digital,English,New York City,Caribbean,thewestindianonline.com,,,,,,
,The Yeshiva World,Newspaper,Digital,English,International,Jewish,theyeshivaworld.com,,yweditor2@gmail.com,,,,
,Thikana,Newspaper,Print and Digital,Bengali,National,Bangladeshi,https://www.thikana.us/,Fazlur Rahman,wthikana@aol.com,Monjur Hossain,wthikana@aol.com,wthikana@aol.com,718-472-0700
21-Aug,Time Television,Television,Broadcast,Bengali,National,Bangladeshi,http://timetvusa.com/,Abu Taher,abutaher@gmail.com,0,0,0,718 753 0086
21-Aug,Times Now,Television,Broadcast,English,,Indian,https://www.timesnownews.com/,,,,,info@timesnow.tv,91 22 24999944
,Town and Village,Newspaper,Digital,English,Manhattan,Manhattan,https://town-village.com/,Sal Governale,sal@townvillage.net,,,,
21-Apr,Tribeca Citizen,Newspaper,Digital,English,Manhattan,Tribeca (Manhattan),https://tribecacitizen.com/,Pam Frederick,tribecacitizen@gmail.com,Pam Frederick,tribecacitizen@gmail.com,tribecacitizen@gmail.com,917-902-9233
21-Apr,Turkish Journal,Newspaper,Digital,"Turkish, English",National,Turkish,http://www.turkishjournal.com,Selcuk Acar,acarselcuk@gmail.com,,,acarselcuk@gmail.com,917-365-6087
21-Aug,TV Asia,Television,Broadcast,English,International,"South Asia (various), UK",https://tvasiausa.com/home,Pradeep Hedge,pradeep@tvasiausa.com,Pradeep Hegde,pradeep@tvasiausa.com,info@tvasiausa.com,732-543-5725
21-Aug,TV One Global,Television,Broadcast,"English, Urdu, Punjabi",,South Asian,http://tvoneusa.com/,Riaz Babar,Riazbabar@tvoneusa.com,Max Shaukat,Programs@tvoneusa.com,Programs@tvoneusa.com; RiazBabar@tvoneusa.com,1-855-886-6387 Ext 3
21-Aug,TV One Pakistan,Television,Broadcast,"English, Urdu, Punjabi",,Pakistani,http://www.tvonepk.tv/ ; http://tvoneusa.com/,Riaz Babar,Riazbabar@tvoneusa.com,Max Shaukat,Programs@tvoneusa.com,Programs@tvoneusa.com; RiazBabar@tvoneusa.com,1-855-886-6387 Ext 3
21-Nov,Upper East Site,Newspaper,Digital,English,Manhattan,,UpperEastSite.com,Michael Aquilia,michael@uppereastsite.com,Michael Aquilia,michael@uppereastsite.com,info@uppereastsite.com,212-470-6723
,Uptown Collective,Newspaper,Digital,English,Manhattan,African-American,UptownCollective.com,Led Black,ledblack@me.com,,646.820.2405,UptownCollective@gmail.com,646-457-1101
,Urdu News,Newspaper,Print and Digital,Urdu,Regional – Metro Area,Pakistani,http://www.pn.com.pk,Mohsin Zaheer,mohsinzaheer@aol.com,,,mohsinzaheer@aol.com,917-287-1995
,Urdu Times USA,Newspaper,Print and Digital,Urdu,National,Pakistani,urdutimesusa.com,Khalil Rehman,7khalil@gmail.com,Noel Marenda,urdunoel@aol.com,urdutimes@usa.com,718-297-8700
,US Bangla News,Newspaper,Digital,Bengali,Regional – Metro Area,Bangladeshi,usbanglanews.com,Abu Sayeed,usbanglanews24@gmail.com,,,usbanglanews24@gmail.com,347-845-4971
,US Veterans Magazine,Magazine,Print and Digital,English,National,Veteran,https://www.usveteransmagazine.com/,Sheila Hill,shill@diversitycomm.net,,,,
,V Novom Svete,Newspaper,Print and Digital,Russian,National,Russian,vnovomsvete.com,David Guy,editor@vnsnews.com,Anastasia Stetsun,ads@vnsnews.com,manager@vnsnews.com,212-482-0303
21-Apr,Vaba Eesti Sona/Free Estonian Word,Newspaper,Print and Digital,"Estonian, English",National,Estonian,http://vabaeestisona.com,Kart Ulman,toimetus@vabaeestisona.com,,,talitus@vabaeestisona.com,212-686-3356
,Vecherniy New York,Newspaper,Print,Russian,Regional – Metro Area,Russian,vechny.com,Ari Kagan,vechny@yahoo.com,Irina Melikyan,,vechny@yahoo.com,718-615-1210
,Village Sun,Newspaper,Digital,English,Manhattan,Manhattan,http://thevillagesun.com/,Lincoln Anderson,news@thevillagesun.com,Lincoln Anderson,news@thevillagesun.com,news@thevillagesun.com,212-682-9227
21-Apr,Vishwa Sandesh Weekly,Newspaper,Print and Digital,"Nepali, English",National,Nepalese,https://vishwanews.com/,"Roshan Dhungana (executive director), Yogesh Dangol (managing director)",ygshdngl@yahoo.com,,"vishwosandesh@gmail.com, nepalinewspaper@gmail.com",vishwosandesh@gmail.com,646-750-3746
,Vos Iz Neias,Newspaper,Digital,English,National,Jewish,http://www.vosizneias.com/,Sol Fried,vinnews@hotmail.com; vinnews@vosizneias.com,Sol Fried,newstips@vosizneias.com,,845-458-1222
21-Aug,WBAI - AfrobeatRadio,Radio,Broadcast,English,International,African,https://www.afrobeatradio.com/,,,,,,
21-Aug,WBAI Pacifica Radio,Radio,Broadcast,English,New York City,,https://wbai.org/,,,,,,646 495-0667
21-Apr,Weekly Ajkal,Newspaper,Print and Digital,Bengali,New York City,Bangladeshi,http://ajkalnewyork.com/,Zakaria Masud Jiko,ajkalnews@gmail.com,,,ajkalnews@gmail.com,718-565-2100
21-Apr,Weekly Awaz,Newspaper,Print and Digital,Urdu,New York City,Pakistani,http://www.awazonline.com/,Mohammad Farrukh,mfarrukh71@gmail.com,Mohammad Farrukh,mfarrukh71@gmail.com,,917-442-9283
,Weekly Bangalee,Newspaper,Print and Digital,Bengali,National,Bangladeshi,weeklybangalee.com,Kowshik Ahmed,weeklybangalee@gmail.com,Kowshik Ahmed,weeklybangalee@gmail.com,weeklybangalee@gmail.com,718-639-1177
21-Apr,Weekly Bangladesh,Newspaper,Print and Digital,"Bengali, English",New York City,Bangladeshi,http://www.weeklybangladeshusa.com,Mohammed Khan,,,weeklybangladesh@yahoo.com,weeklybangladesh@yahoo.com,718-523-6299
,Weekly Bornomala,Newspaper,Print and Digital,English,National,Bangladeshi,bornomalanews.com,Mahfuzur Rahman,bornomalabd@gmail.com,,,bornomalanews@gmail.com,347-753-2355
21-Apr,Weekly Gleaner,Newspaper,Digital,English,New York City,Jamaican,http://www.jamaica-gleaner.com,Kemar Jordan,aubreycgleaner@gmail.com,Aubrey Campbell,aubreycgleaner@gmail.com,diannecooper@verizon.net,917-548-5568
,Weekly Link,Magazine,Print,English,National,Jewish,weeklylink.com,,info@weeklylink.com,,,,
21-Nov,Weekly Nobojug,Newspaper,Digital,Bengali,,"Bangladeshi, South Asian",www.nobojugusa.com,Shahab Uddin Sagor,weeklynobojug@gmail.com,Shahab Uddin Sagor,weeklynobojug@gmail.com,weeklynobojug@gmail.com,917-353-9321
,Weekly Parichoy,Newspaper,Print,Bengali,Regional – Metro Area,Bangladeshi,parichoy.com,Najmul Ahsan,Parichoyny@gmail.com,,,Parichoyny@gmail.com,917-749-1179;   718 607-7014
,Weekly Probash,Newspaper,Print and Digital,Bengali,National,Bangladeshi,newsprobash.com,Muhammed Sayed,,,,,347-507-2450
,Weekly Prothom Alo,Newspaper,Print and Digital,Bengali,International,Bangladeshi,https://www.prothomalo.com/northamerica,Mohammad M Rahman,dulalusa123@gmail.com,,,,
21-Apr,West Side Rag,Newspaper,Digital,English,Manhattan,Upper West Side (Manhattan),https://www.westsiderag.com/,,info@westsiderag.com,,ads@westsiderag.com,westsiderag@gmail.com,
,West Side Spirit,Newspaper,Digital,English,Manhattan,Manhattan,nypress.com/west-side-spirit,Allen Houston,ahouston@manhattanmedia.com,Gerry Gavin,ggavin@manhattanmedia.com,ahouston@manhattanmedia.com,212-268-8600
,West View News,Newspaper,Print and Digital,English,Manhattan,Manhattan,http://westviewnews.org/,George Capsis,gcapsis@gmail.com,,,,
21-Aug,WGBB - Chinese Radio Network,Radio,Broadcast,Chinese,Regional,Chinese,http://chineseradionetwork.com/,,,,,,718-661-3933
21-Nov,WhereItzAt Magazine,Magazine,Print and Digital,English,,Caribbean-American,https://gowhereitzat.com/,,,,advertise@gowhereitzat.com,,
21-Apr,White Eagle/Bialy Orzel,Newspaper,Print and Digital,Polish,"Brooklyn, Queens",Polish,www.bialyorzel24.com,Marcin Bolec,editor@whiteeaglenews.com,Darek Barcikowski,publisher@whiteeaglenews.com,info@whiteeaglenews.com,860-223-1150
21-Apr,Women's eNews,Newspaper,Digital,English,International,Women,http://womensenews.org,Lori Sokol,lori@womensenews.org,Angie Alvarado,angie@womensenews.org,editors@womensenews.org,646-478-7170
,World Journal,Newspaper,Print and Digital,Chinese,National,Chinese,https://www.worldjournal.com/,TaiSheng Won,tswon@worldjournal.com,Richard Li,richardli@worldjournal.com,clairechen@worldjournal.com,917-681-7757
21-Aug,WVIP - Caribbean Voice Radio,Radio,Broadcast,English,Regional,,https://www.caribbeanvoiceradio.com/,,,,,,
21-Aug,WWRL - Radio Mirchi,Radio,Broadcast,Hindi,International,Indian,https://www.radiomirchiusa.com/,Sai Sagar Patnaik,Saisagar.patnaik@timesgroup.com,Prashant Gupta,prashant.gupta@timesgroup.com,prashant.gupta@timesgroup.com,848-219-6113
21-Aug,WZRC - Chinese Cantonese Radio,Radio,Broadcast,Cantonese,National,Chinese,http://www.nyam1480.com/,,,,,,212-965-1480
,Yated Ne'eman,Newspaper,Print and Digital,Yiddish,Regional – Metro Area,"Jewish, Haredi",yated.com,Rabbi Pinchas Lipschitz,"editor@yated.com;
articles@yated.com",Chayale Caufman; Yitzchok Hisiger,"ads@yated.com;
ccaufman@yated.com",,845-369-1600
,Yediot America,Magazine,Print and Digital,Hebrew,National,Jewish,ynetus.com,Ilan Safit,safit@ynetus.com,Maayan Tal-Or,maayant@ynetus.com,safit@ynetus.com,646-503-2712
,Yiddish News Report,Newspaper,Print,Yiddish,Brooklyn,Haredi,ditzeitung.com,Albert Friedman,editor@ditzeitung.com,Rose Friedman,rf@ditzeitung.com,,718-851-6607
21-Aug,Zee Aflam TV,Television,Broadcast,"Hindi, Arabic",,,http://www.zeeaflam.com/,,,,,,
21-Aug,Zee Bangla TV,Television,Broadcast,Bengali,,Indian,https://zeebangla.zee5.com/,,,,,,337-382-0846
21-Aug,Zee TV,Television,Broadcast,Hindi,,Indian,https://zeetv.zee5.com/,,,,,,337-382-0846
